gender,tenure,MonthlyCharges,Percentage
Female,72,65.20424311926605,36.8
Male,72,64.32748241912799,36.5
